Workbook

Sheet STUDENTS DATA
A2: Title:- Student Performance Tracker Using Microsoft Excel
A3: Aim:- To create a smart Excel-based system that records student marks, calculates averages and grades, and provides visual insights into performance trends.
A4: Objective:- The objective is to automate the student result management process using Microsoft Excel formulas, charts, and conditional formatting.
A6: UID | B6: Name | C6: Math | D6: Science | E6: English | F6: Programming | G6: Economics | H6: Class | I6: Total | J6: Percentage | K6: Grade
A7: UID493698 | B7: Vihaan Ghosh | C7: 47 | D7: 81 | E7: 75 | F7: 65 | G7: 42 | H7: 12 | I7: =SUM(C7:G7) -> 310 | J7: =AVERAGE(C7:G7) -> 62 | K7: =IF(J7>=90,"A+",IF(J7>=75,"A",IF(J7>=60,"B",IF(J7>=45,"C","Fail")))) -> B
A8: UID538831 | B8: Vihaan Kumar | C8: 84 | D8: 39 | E8: 48 | F8: 51 | G8: 92 | H8: 12 | I8: =SUM(C8:G8) -> 314 | J8: =AVERAGE(C8:G8) -> 62.8 | K8: =IF(J8>=90,"A+",IF(J8>=75,"A",IF(J8>=60,"B",IF(J8>=45,"C","Fail")))) -> B
A9: UID476237 | B9: Aarav Mishra | C9: 69 | D9: 73 | E9: 42 | F9: 91 | G9: 67 | H9: 12 | I9: =SUM(C9:G9) -> 342 | J9: =AVERAGE(C9:G9) -> 68.4 | K9: =IF(J9>=90,"A+",IF(J9>=75,"A",IF(J9>=60,"B",IF(J9>=45,"C","Fail")))) -> B
A10: UID681669 | B10: Rohan Patel | C10: 98 | D10: 84 | E10: 39 | F10: 37 | G10: 82 | H10: 12 | I10: =SUM(C10:G10) -> 340 | J10: =AVERAGE(C10:G10) -> 68 | K10: =IF(J10>=90,"A+",IF(J10>=75,"A",IF(J10>=60,"B",IF(J10>=45,"C","Fail")))) -> B
A11: UID692232 | B11: Kavya Mishra | C11: 85 | D11: 58 | E11: 51 | F11: 54 | G11: 70 | H11: 12 | I11: =SUM(C11:G11) -> 318 | J11: =AVERAGE(C11:G11) -> 63.6 | K11: =IF(J11>=90,"A+",IF(J11>=75,"A",IF(J11>=60,"B",IF(J11>=45,"C","Fail")))) -> B | L11: =COUNTIF(K6:K206,"A") -> 33
A12: UID980918 | B12: Aditi Verma | C12: 76 | D12: 86 | E12: 83 | F12: 70 | G12: 67 | H12: 12 | I12: =SUM(C12:G12) -> 382 | J12: =AVERAGE(C12:G12) -> 76.4 | K12: =IF(J12>=90,"A+",IF(J12>=75,"A",IF(J12>=60,"B",IF(J12>=45,"C","Fail")))) -> A | L12: =COUNTIF(K7:K207,"B") -> 117
A13: UID273177 | B13: Sneha Pandey | C13: 91 | D13: 72 | E13: 74 | F13: 100 | G13: 34 | H13: 12 | I13: =SUM(C13:G13) -> 371 | J13: =AVERAGE(C13:G13) -> 74.2 | K13: =IF(J13>=90,"A+",IF(J13>=75,"A",IF(J13>=60,"B",IF(J13>=45,"C","Fail")))) -> B | L13: =COUNTIF(K8:K208,"C") -> 49
A14: UID435492 | B14: Isha Sharma | C14: 94 | D14: 91 | E14: 44 | F14: 62 | G14: 98 | H14: 12 | I14: =SUM(C14:G14) -> 389 | J14: =AVERAGE(C14:G14) -> 77.8 | K14: =IF(J14>=90,"A+",IF(J14>=75,"A",IF(J14>=60,"B",IF(J14>=45,"C","Fail")))) -> A | L14: =COUNTIF(K9:K209,"D") -> 0
A15: UID550813 | B15: Saanvi Mehta | C15: 46 | D15: 61 | E15: 60 | F15: 32 | G15: 63 | H15: 12 | I15: =SUM(C15:G15) -> 262 | J15: =AVERAGE(C15:G15) -> 52.4 | K15: =IF(J15>=90,"A+",IF(J15>=75,"A",IF(J15>=60,"B",IF(J15>=45,"C","Fail")))) -> C | L15: =COUNTIF(K10:K210,"FAIL") -> 1
A16: UID341998 | B16: Ananya Pandey | C16: 47 | D16: 48 | E16: 53 | F16: 94 | G16: 81 | H16: 12 | I16: =SUM(C16:G16) -> 323 | J16: =AVERAGE(C16:G16) -> 64.6 | K16: =IF(J16>=90,"A+",IF(J16>=75,"A",IF(J16>=60,"B",IF(J16>=45,"C","Fail")))) -> B
A17: UID331097 | B17: Arjun Patel | C17: 84 | D17: 62 | E17: 44 | F17: 62 | G17: 30 | H17: 12 | I17: =SUM(C17:G17) -> 282 | J17: =AVERAGE(C17:G17) -> 56.4 | K17: =IF(J17>=90,"A+",IF(J17>=75,"A",IF(J17>=60,"B",IF(J17>=45,"C","Fail")))) -> C
A18: UID679015 | B18: Riya Pillai | C18: 77 | D18: 89 | E18: 46 | F18: 41 | G18: 65 | H18: 12 | I18: =SUM(C18:G18) -> 318 | J18: =AVERAGE(C18:G18) -> 63.6 | K18: =IF(J18>=90,"A+",IF(J18>=75,"A",IF(J18>=60,"B",IF(J18>=45,"C","Fail")))) -> B
A19: UID952416 | B19: Sneha Patel | C19: 49 | D19: 69 | E19: 32 | F19: 48 | G19: 100 | H19: 12 | I19: =SUM(C19:G19) -> 298 | J19: =AVERAGE(C19:G19) -> 59.6 | K19: =IF(J19>=90,"A+",IF(J19>=75,"A",IF(J19>=60,"B",IF(J19>=45,"C","Fail")))) -> C
A20: UID403804 | B20: Rohan Gupta | C20: 54 | D20: 76 | E20: 53 | F20: 58 | G20: 84 | H20: 12 | I20: =SUM(C20:G20) -> 325 | J20: =AVERAGE(C20:G20) -> 65 | K20: =IF(J20>=90,"A+",IF(J20>=75,"A",IF(J20>=60,"B",IF(J20>=45,"C","Fail")))) -> B
A21: UID899802 | B21: Riya Nath | C21: 37 | D21: 94 | E21: 85 | F21: 44 | G21: 69 | H21: 12 | I21: =SUM(C21:G21) -> 329 | J21: =AVERAGE(C21:G21) -> 65.8 | K21: =IF(J21>=90,"A+",IF(J21>=75,"A",IF(J21>=60,"B",IF(J21>=45,"C","Fail")))) -> B
A22: UID926460 | B22: Aditi Sharma | C22: 58 | D22: 42 | E22: 88 | F22: 39 | G22: 56 | H22: 12 | I22: =SUM(C22:G22) -> 283 | J22: =AVERAGE(C22:G22) -> 56.6 | K22: =IF(J22>=90,"A+",IF(J22>=75,"A",IF(J22>=60,"B",IF(J22>=45,"C","Fail")))) -> C
A23: UID835056 | B23: Rohan Joshi | C23: 64 | D23: 73 | E23: 63 | F23: 84 | G23: 30 | H23: 12 | I23: =SUM(C23:G23) -> 314 | J23: =AVERAGE(C23:G23) -> 62.8 | K23: =IF(J23>=90,"A+",IF(J23>=75,"A",IF(J23>=60,"B",IF(J23>=45,"C","Fail")))) -> B
A24: UID109908 | B24: Sneha Joshi | C24: 58 | D24: 96 | E24: 100 | F24: 95 | G24: 37 | H24: 12 | I24: =SUM(C24:G24) -> 386 | J24: =AVERAGE(C24:G24) -> 77.2 | K24: =IF(J24>=90,"A+",IF(J24>=75,"A",IF(J24>=60,"B",IF(J24>=45,"C","Fail")))) -> A
A25: UID114402 | B25: Ananya Yadav | C25: 47 | D25: 41 | E25: 34 | F25: 50 | G25: 94 | H25: 12 | I25: =SUM(C25:G25) -> 266 | J25: =AVERAGE(C25:G25) -> 53.2 | K25: =IF(J25>=90,"A+",IF(J25>=75,"A",IF(J25>=60,"B",IF(J25>=45,"C","Fail")))) -> C
A26: UID328607 | B26: Rohan Kumar | C26: 57 | D26: 78 | E26: 98 | F26: 98 | G26: 98 | H26: 12 | I26: =SUM(C26:G26) -> 429 | J26: =AVERAGE(C26:G26) -> 85.8 | K26: =IF(J26>=90,"A+",IF(J26>=75,"A",IF(J26>=60,"B",IF(J26>=45,"C","Fail")))) -> A
A27: UID722258 | B27: Karthik Gupta | C27: 64 | D27: 33 | E27: 71 | F27: 87 | G27: 57 | H27: 12 | I27: =SUM(C27:G27) -> 312 | J27: =AVERAGE(C27:G27) -> 62.4 | K27: =IF(J27>=90,"A+",IF(J27>=75,"A",IF(J27>=60,"B",IF(J27>=45,"C","Fail")))) -> B
... A206: UID264847 | B206: Diya Chopra | C206: 47 | D206: 82 | E206: 85 | F206: 72 | G206: 92 | H206: 12 | I206: =SUM(C206:G206) -> 378 | J206: =AVERAGE(C206:G206) -> 75.6 | K206: =IF(J206>=90,"A+",IF(J206>=75,"A",IF(J206>=60,"B",IF(J206>=45,"C","Fail")))) -> A
A208: Total Students | B208: =COUNTA(B7:B206) -> 200
A209: Class Average | B209: =AVERAGE(J7:J206) -> 66.059
A210: Highest Average | B210: =MAX(J7:J206) -> 89.2
A211: Lowest Average | B211: =MIN(J7:J206) -> 44

Sheet STUDENTS GRADES
A2: Grades | B2: count of grades
A3: A | B3: 33
A4: B | B4: 117
A5: C | B5: 49
A6: D | B6: 0
A7: Fail | B7: 1

Sheet SUMMARY REPORT
A3: Subjects | B3: Average Marks | C3: Highest Marks | D3: Lowest Marks
A4: Math | B4: =AVERAGE('STUDENTS DATA'!C7:C206) -> 66.415 | C4: 100 | D4: 30
A5: Science | B5: =AVERAGE('STUDENTS DATA'!D7:D206) -> 66.28 | C5: 100 | D5: 30
A6: English | B6: =AVERAGE('STUDENTS DATA'!E8:E207) -> 64.371859 | C6: 100 | D6: 30
A7: Programming | B7: =AVERAGE('STUDENTS DATA'!F9:F208) -> 68.661616 | C7: 100 | D7: 30
A8: Economics | B8: =AVERAGE('STUDENTS DATA'!G10:G209) -> 64.583756 | C8: 100 | D8: 30

Sheet DASHBOARD
A2: Grades | B2: count of grades
A3: A | B3: 33
A4: B | B4: 117
A5: C | B5: 49
A6: D | B6: 0
A7: Fail | B7: 1
A23: Total Students | B23: 200
A24: Class Average | B24: 66.059
A25: Highest Average | B25: 89.2
A26: Lowest Average | B26: 44

Sheet TOP STUDENTS
A1: Top 10 Students
A2: UID | B2: Student Name | C2: Total | D2: Average | E2: Grade
A3: UID1086 | B3: Kabir Sinha | C3: 429 | D3: 85.8 | E3: A
A4: UID1016 | B4: Krishna Sharma | C4: 424 | D4: 84.8 | E4: A
A5: UID1183 | B5: Krishna Ghosh | C5: 416 | D5: 83.2 | E5: A
A6: UID1196 | B6: Rohan Thakur | C6: 414 | D6: 82.8 | E6: A
A7: UID1166 | B7: Rohan Thakur | C7: 411 | D7: 82.2 | E7: A
A8: UID1096 | B8: Myra Mehta | C8: 411 | D8: 82.2 | E8: A
A9: UID1070 | B9: Vivaan Sharma | C9: 410 | D9: 82 | E9: A
A10: UID1164 | B10: Vihaan Ghosh | C10: 410 | D10: 82 | E10: A
A11: UID1176 | B11: Kiara Bansal | C11: 408 | D11: 81.6 | E11: A
A12: UID1073 | B12: Aditya Yadav | C12: 408 | D12: 81.6 | E12: A
